<?xml version = "1.0" encoding="utf-8" ?>
<cfgrules_registry xmlns="urn:abb-robotics-registry-cfg-rules">
<entry domain="EIO" prepath="C:/Users/alumno/AppData/Local/ABB/RobotWare/RobotWare_6.01.0123/rules/cfg/" postpath="cir_eio_cfgrules.xml"/>
<entry domain="MOC" prepath="C:/Users/alumno/AppData/Local/ABB/RobotWare/RobotWare_6.01.0123/rules/cfg/" postpath="moc_cfgrules.xml"/>
<entry domain="EIO" prepath="C:/Users/alumno/AppData/Local/ABB/RobotWare/RobotWare_6.01.0123/rules/cfg/" postpath="eio_cfgrules.xml"/>
<entry domain="SIO" prepath="C:/Users/alumno/AppData/Local/ABB/RobotWare/RobotWare_6.01.0123/rules/cfg/" postpath="sio_cfgrules.xml"/>
<entry domain="SIO" prepath="C:/Users/alumno/AppData/Local/ABB/RobotWare/RobotWare_6.01.0123/rules/cfg/" postpath="sio_net_cfgrules.xml"/>
<entry domain="SYS" prepath="C:/Users/alumno/AppData/Local/ABB/RobotWare/RobotWare_6.01.0123/rules/cfg/" postpath="cir_sys_cfgrules.xml"/>
<entry domain="MMC" prepath="C:/Users/alumno/AppData/Local/ABB/RobotWare/RobotWare_6.01.0123/rules/cfg/" postpath="cir_mmc_cfgrules.xml"/>
<entry domain="SYS" prepath="C:/Users/alumno/AppData/Local/ABB/RobotWare/RobotWare_6.01.0123/options/mt/" postpath="cir_sys_mt_cfgrules.xml"/>
</cfgrules_registry>