<?xml version = "1.0" encoding="utf-8" ?>
<cfgtext_registry xmlns="urn:abb-robotics-registry-cfg-text">
<entry domain="EIO" prepath="C:/Users/alumno/AppData/Local/ABB/RobotWare/RobotWare_6.01.0123/language/install/../" postpath="/controller/cfg/cir_eio_cfgtext.xml"/>
<entry domain="EIO" prepath="C:/Users/alumno/AppData/Local/ABB/RobotWare/RobotWare_6.01.0123/language/install/../" postpath="/controller/cfg/eio_cfgtext.xml"/>
<entry domain="SIO" prepath="C:/Users/alumno/AppData/Local/ABB/RobotWare/RobotWare_6.01.0123/language/install/../" postpath="/controller/cfg/sio_cfgtext.xml"/>
<entry domain="SIO" prepath="C:/Users/alumno/AppData/Local/ABB/RobotWare/RobotWare_6.01.0123/language/install/../" postpath="/controller/cfg/sio_net_cfgtext.xml"/>
<entry domain="SYS" prepath="C:/Users/alumno/AppData/Local/ABB/RobotWare/RobotWare_6.01.0123/language/install/../" postpath="/controller/cfg/cir_sys_cfgtext.xml"/>
<entry domain="MOC" prepath="C:/Users/alumno/AppData/Local/ABB/RobotWare/RobotWare_6.01.0123/language/install/../" postpath="/controller/cfg/moc_cfgtext.xml"/>
<entry domain="MMC" prepath="C:/Users/alumno/AppData/Local/ABB/RobotWare/RobotWare_6.01.0123/language/install/../" postpath="/controller/cfg/cir_mmc_cfgtext.xml"/>
<entry domain="SYS" prepath="C:/Users/alumno/AppData/Local/ABB/RobotWare/RobotWare_6.01.0123/options/mt/language/" postpath="/cir_sys_mt_cfgtext.xml"/>
</cfgtext_registry>