<?xml version='1.0' encoding='UTF-8'?>
<system creation-date="2024-11-26 14:37:41.154000" desc="" enable="False" id="F274325A-85B3-4492-912C-1CC1ECFB1E15" last-modified-date="" name="Controlador1"><applications><application name="RobotWare" version="6.01.0123"><settings><system-xml path="C:\Users\alumno\Documents\RobotStudio\Virtual Controllers\Controlador1\system.xml" /><key-id path="C:\Users\alumno\Documents\RobotStudio\Virtual Controllers\Controlador1\INTERNAL\key.id" /><setting-file path="C:\Users\alumno\Documents\RobotStudio\Virtual Controllers\Controlador1\INTERNAL\controller.rsf" /></settings></application></applications></system>