<?xml version="1.0" encoding="utf-8"?>
<SystemProperties>
  <SystemName>Controlador1</SystemName>
  <SerialNo>VIRTUAL_USE</SerialNo>
  <UsedMedia>
    <Media path="C:\Users\alumno\AppData\Local\ABB\RobotWare\RobotWare_6.01.0123" name="RobotWare" version="6.01.0123">
    </Media>
  </UsedMedia>
  <ControlModule>
    <Option descr="RobotWare Base">
    </Option>
    <Option descr="English">
    </Option>
    <Option descr="616-1 PC Interface">
    </Option>
    <Option descr="623-1 Multitasking">
    </Option>
  </ControlModule>
  <DriveModule>
    <Name>Robot1</Name>
    <Option descr="Drive System IRB 120/140/260/360/1200/1400/1520/1600">
    </Option>
    <Option descr="ADU-790A in position X3">
    </Option>
    <Option descr="ADU-790A in position Y3">
    </Option>
    <Option descr="ADU-790A in position Z3">
    </Option>
    <Option descr="IRB 120-0.58/3">
    </Option>
  </DriveModule>
</SystemProperties>